avg_weight,avg_bmi
72.03582137378294,25.185223792915917
