Id,avg_weight,avg_steps
1503960366,52.5999984741211,12116.7419
1927972279,133.5,916.1290
2873212765,57,7555.7742
4319703577,72.35000228881836,7268.8387
4558609924,69.63999938964844,7685.1290
5577150313,90.6999969482422,8304.4333
6962181067,61.553333791097,9794.8065
8877689391,85.14583428700765,16040.0323
